plan,sport,year,month,dataSize,fileCount
B,Soccer,2017,10,620,377367
P,Soccer,2017,10,25397,377367
A,Soccer,2017,10,16726,377333
P,Soccer,2017,9,21936,365272
A,Soccer,2017,9,15164,365263
B,Soccer,2017,9,586,365262
B,Soccer,2017,8,549,352896
A,Soccer,2017,8,14108,352893
P,Soccer,2017,8,20616,352892
B,Soccer,2016,4,319,213636
A,Soccer,2016,4,6956,213636
P,Soccer,2016,4,9522,213636
A,Soccer,2017,4,8048,210657
P,Soccer,2017,4,11675,210657
B,Soccer,2017,4,326,210657
B,Soccer,2016,10,319,206134
A,Soccer,2016,10,7938,206134
P,Soccer,2016,10,11011,206134
B,Soccer,2015,8,309,205471
A,Soccer,2015,8,5613,205471
P,Soccer,2015,8,7540,205471
B,Soccer,2015,9,307,204405
A,Soccer,2015,9,5908,204405
P,Soccer,2015,9,7857,204405
B,Soccer,2016,9,311,204185
A,Soccer,2016,9,7276,204185
P,Soccer,2016,9,10046,204185
B,Soccer,2017,11,351,201804
A,Soccer,2017,11,9791,201803
P,Soccer,2017,11,14440,201802
P,Soccer,2015,10,8266,198993
B,Soccer,2015,10,304,198954
A,Soccer,2015,10,6155,198954
P,Soccer,2018,9,15504,190335
A,Soccer,2018,9,9851,189008
P,Soccer,2018,8,16543,188900
B,Soccer,2018,9,329,188303
A,Soccer,2018,8,10271,187881
B,Soccer,2018,8,334,186551
P,Soccer,2018,10,16342,185200
B,Soccer,2016,8,280,184751
A,Soccer,2016,8,6474,184751
P,Soccer,2016,8,8899,184751
A,Soccer,2018,10,10311,184219
B,Soccer,2018,10,331,183397
B,Soccer,2017,3,280,178705
A,Soccer,2017,3,6983,178705
P,Soccer,2017,3,10154,178705
B,Soccer,2017,5,276,177561
A,Soccer,2017,5,7114,177561
P,Soccer,2017,5,10420,177561
P,Soccer,2018,3,13197,174084
A,Soccer,2018,3,8887,173896
B,Soccer,2018,3,311,173855
B,Soccer,2016,5,264,172743
A,Soccer,2016,5,5660,172743
P,Soccer,2016,5,7653,172743
B,Soccer,2015,11,267,170764
A,Soccer,2015,11,5964,170764
P,Soccer,2015,11,8241,170764
P,Soccer,2018,2,12402,157991
B,Soccer,2018,2,287,157973
A,Soccer,2018,2,8241,157973
B,Soccer,2016,11,245,152669
A,Soccer,2016,11,6720,152669
P,Soccer,2016,11,9611,152669
B,Soccer,2015,5,250,152058
A,Soccer,2015,5,5997,152058
P,Soccer,2015,5,8370,152058
B,Soccer,2017,2,236,148469
A,Soccer,2017,2,5884,148469
P,Soccer,2017,2,8581,148469
P,Soccer,2018,4,10224,144492
A,Soccer,2018,4,6954,144415
B,Soccer,2018,4,254,144368
P,Soccer,2018,5,9999,139440
B,Soccer,2018,5,249,139439
A,Soccer,2018,5,6808,139439
A,Soccer,2017,7,5677,139035
B,Soccer,2017,7,217,139024
P,Soccer,2017,7,8321,139014
B,Soccer,2015,7,209,135717
A,Soccer,2015,7,4245,135717
P,Soccer,2015,7,5706,135717
B,Soccer,2016,1,215,135647
A,Soccer,2016,1,5136,135647
P,Soccer,2016,1,7324,135647
B,Soccer,2018,1,247,134066
A,Soccer,2018,1,7265,134066
P,Soccer,2018,1,10880,134066
B,Soccer,2016,7,206,130187
A,Soccer,2016,7,4898,130187
P,Soccer,2016,7,6852,130187
P,Soccer,2018,11,12236,124081
B,Soccer,2016,3,189,121913
A,Soccer,2016,3,4830,121913
P,Soccer,2016,3,6937,121913
A,Soccer,2018,11,7605,121429
B,Soccer,2017,1,199,120729
A,Soccer,2017,1,5281,120729
P,Soccer,2017,1,7686,120729
B,Soccer,2018,11,223,119160
B,Soccer,2015,12,193,118223
A,Soccer,2015,12,4890,118223
P,Soccer,2015,12,6967,118223
P,Soccer,2016,12,8274,115537
A,Soccer,2016,12,5662,115386
B,Soccer,2016,12,194,115317
B,Soccer,2016,2,162,105792
A,Soccer,2016,2,3980,105792
P,Soccer,2016,2,5694,105792
P,Soccer,2017,12,7488,95156
B,Soccer,2017,12,169,95150
A,Soccer,2017,12,5075,95150
P,Soccer,2017,6,5897,93194
A,Soccer,2017,6,4028,93006
B,Soccer,2017,6,149,92909
A,Soccer,2018,7,4736,89197
P,Soccer,2018,7,7526,89197
B,Soccer,2018,7,161,89168
B,Soccer,2016,6,145,85403
A,Soccer,2016,6,3765,85403
P,Soccer,2016,6,5294,85403
B,Soccer,2015,6,137,83052
A,Soccer,2015,6,3066,83052
P,Soccer,2015,6,4167,83052
P,Soccer,2018,6,6907,80346
A,Soccer,2018,6,4397,80123
B,Soccer,2018,6,154,80054
A,Horse Racing,2017,8,7743,50720
P,Horse Racing,2017,8,16649,50720
B,Horse Racing,2017,8,131,50718
P,Horse Racing,2017,10,15798,48316
B,Horse Racing,2017,10,124,48310
A,Horse Racing,2017,10,7635,48306
B,Other Sports,2017,10,113,42183
P,Other Sports,2017,10,1011,42180
A,Other Sports,2017,10,713,42177
A,Horse Racing,2017,9,5871,41931
P,Horse Racing,2017,9,12435,41931
B,Horse Racing,2017,9,103,41930
B,Tennis,2017,8,60,35178
A,Tennis,2017,8,1324,35178
P,Tennis,2017,8,1812,35178
P,Greyhound Racing,2017,8,4317,35014
B,Greyhound Racing,2017,8,52,35013
A,Greyhound Racing,2017,8,1951,35010
P,Tennis,2017,10,1580,34533
A,Tennis,2017,10,1176,34528
B,Tennis,2017,10,55,34527
B,Greyhound Racing,2017,10,51,34352
A,Greyhound Racing,2017,10,1834,34351
P,Greyhound Racing,2017,10,4217,34351
A,Horse Racing,2017,7,4612,31814
B,Horse Racing,2017,7,81,31808
P,Horse Racing,2017,7,9927,31797
A,Greyhound Racing,2017,9,1684,30254
P,Greyhound Racing,2017,9,3733,30253
B,Greyhound Racing,2017,9,45,30252
A,Tennis,2017,9,946,29838
P,Tennis,2017,9,1256,29837
B,Tennis,2017,9,46,29835
B,Other Sports,2017,9,60,28236
P,Other Sports,2017,9,530,28235
A,Other Sports,2017,9,394,28233
P,Horse Racing,2017,11,8967,28051
B,Horse Racing,2017,11,71,28049
A,Horse Racing,2017,11,4338,28049
B,Other Sports,2017,11,72,27941
A,Other Sports,2017,11,505,27941
P,Other Sports,2017,11,723,27941
B,Horse Racing,2017,5,73,27883
A,Horse Racing,2017,5,4280,27883
P,Horse Racing,2017,5,9329,27883
P,Horse Racing,2017,6,8140,26065
A,Horse Racing,2017,6,3705,26031
B,Horse Racing,2017,6,67,26025
B,Other Sports,2016,11,32,25806
A,Other Sports,2016,11,374,25806
P,Other Sports,2016,11,502,25806
B,Other Sports,2017,8,33,24900
A,Other Sports,2017,8,305,24900
P,Other Sports,2017,8,405,24900
B,Horse Racing,2017,4,65,24729
A,Horse Racing,2017,4,3760,24729
P,Horse Racing,2017,4,8161,24729
P,Horse Racing,2018,8,8474,24150
B,Tennis,2016,7,37,24026
A,Tennis,2016,7,547,24026
P,Tennis,2016,7,724,24026
B,Horse Racing,2016,10,64,23960
A,Horse Racing,2016,10,3656,23960
P,Horse Racing,2016,10,7668,23960
P,Horse Racing,2018,6,8557,23833
A,Horse Racing,2018,8,3717,23792
A,Horse Racing,2018,6,3972,23762
B,Horse Racing,2018,6,63,23679
B,Horse Racing,2018,8,63,23642
B,Other Sports,2016,12,31,23509
A,Other Sports,2016,12,375,23509
P,Other Sports,2016,12,492,23509
A,Tennis,2017,7,807,23397
B,Tennis,2017,7,38,23393
P,Tennis,2017,7,1107,23389
B,Horse Racing,2018,1,58,23351
A,Horse Racing,2018,1,3397,23351
P,Horse Racing,2018,1,7299,23351
B,Other Sports,2015,11,31,23237
A,Other Sports,2015,11,402,23237
P,Other Sports,2015,11,565,23237
B,Tennis,2016,9,34,23206
A,Tennis,2016,9,520,23206
P,Tennis,2016,9,689,23206
B,Horse Racing,2017,3,60,23088
A,Horse Racing,2017,3,3537,23088
P,Horse Racing,2017,3,7485,23088
B,Other Sports,2015,12,32,22666
A,Other Sports,2015,12,516,22666
P,Other Sports,2015,12,755,22666
B,Other Sports,2018,1,58,22633
A,Other Sports,2018,1,436,22633
P,Other Sports,2018,1,624,22633
P,Greyhound Racing,2018,8,2369,22457
B,Tennis,2016,8,33,22251
A,Tennis,2016,8,455,22251
P,Tennis,2016,8,586,22251
A,Greyhound Racing,2018,8,970,22241
B,Tennis,2016,10,33,22198
A,Tennis,2016,10,560,22198
P,Tennis,2016,10,745,22198
P,Horse Racing,2018,10,9307,22182
P,Greyhound Racing,2018,10,2397,22164
B,Greyhound Racing,2018,8,33,22155
B,Tennis,2016,6,38,22145
A,Tennis,2016,6,487,22145
P,Tennis,2016,6,640,22145
P,Horse Racing,2018,5,7973,22123
A,Horse Racing,2018,5,3785,22077
B,Horse Racing,2018,5,58,22059
B,Greyhound Racing,2018,1,33,22038
A,Greyhound Racing,2018,1,1127,22038
P,Greyhound Racing,2018,1,2617,22038
B,Tennis,2016,5,35,22031
A,Tennis,2016,5,459,22031
P,Tennis,2016,5,616,22031
A,Greyhound Racing,2018,10,975,22015
B,Other Sports,2016,10,27,21952
A,Other Sports,2016,10,266,21952
P,Other Sports,2016,10,372,21952
B,Other Sports,2017,3,28,21912
A,Other Sports,2017,3,346,21912
P,Other Sports,2017,3,478,21912
A,Horse Racing,2018,10,4265,21872
B,Greyhound Racing,2018,10,33,21859
P,Horse Racing,2018,2,6035,21824
A,Horse Racing,2018,2,2870,21804
B,Horse Racing,2018,2,53,21787
A,Greyhound Racing,2017,7,990,21713
B,Greyhound Racing,2017,7,32,21710
P,Greyhound Racing,2017,7,2246,21709
P,Horse Racing,2018,3,6635,21462
A,Horse Racing,2018,3,3163,21408
B,Horse Racing,2018,3,55,21407
B,Horse Racing,2018,10,60,21186
B,Other Sports,2017,1,26,21110
A,Other Sports,2017,1,322,21110
P,Other Sports,2017,1,433,21110
P,Greyhound Racing,2018,6,2207,20950
P,Horse Racing,2016,11,6371,20843
B,Horse Racing,2016,11,54,20842
A,Horse Racing,2016,11,3045,20842
A,Greyhound Racing,2018,6,935,20838
B,Greyhound Racing,2018,6,31,20818
B,Greyhound Racing,2017,11,31,20703
A,Greyhound Racing,2017,11,1206,20703
P,Greyhound Racing,2017,11,2753,20703
P,Horse Racing,2016,12,6826,20580
B,Horse Racing,2016,12,54,20577
A,Horse Racing,2016,12,3157,20577
B,Other Sports,2016,1,28,20574
A,Other Sports,2016,1,389,20574
P,Other Sports,2016,1,556,20574
B,Horse Racing,2016,7,53,20506
A,Horse Racing,2016,7,3072,20506
P,Horse Racing,2016,7,5636,20506
B,Tennis,2015,10,31,20333
A,Tennis,2015,10,519,20333
P,Tennis,2015,10,715,20333
B,Tennis,2016,4,30,20257
A,Tennis,2016,4,526,20257
P,Tennis,2016,4,776,20257
B,Tennis,2015,9,32,20255
A,Tennis,2015,9,501,20255
P,Tennis,2015,9,665,20255
B,Greyhound Racing,2018,2,30,20166
A,Greyhound Racing,2018,2,957,20166
P,Greyhound Racing,2018,2,2238,20166
P,Other Sports,2018,3,594,20089
B,Horse Racing,2017,1,52,20086
A,Horse Racing,2017,1,3043,20086
P,Horse Racing,2017,1,6557,20086
A,Other Sports,2018,3,414,20077
B,Other Sports,2018,3,54,20076
B,Other Sports,2017,4,26,19880
A,Other Sports,2017,4,290,19880
P,Other Sports,2017,4,390,19880
B,Tennis,2017,5,32,19868
A,Tennis,2017,5,633,19868
P,Tennis,2017,5,846,19868
B,Other Sports,2018,2,50,19800
A,Other Sports,2018,2,367,19800
P,Other Sports,2018,2,522,19800
B,Greyhound Racing,2018,3,29,19644
A,Greyhound Racing,2018,3,918,19644
P,Greyhound Racing,2018,3,2152,19644
A,Other Sports,2018,10,523,19385
P,Other Sports,2018,10,920,19385
B,Other Sports,2018,10,98,19382
B,Horse Racing,2017,2,49,19318
A,Horse Racing,2017,2,2777,19318
P,Horse Racing,2017,2,5974,19318
B,Other Sports,2015,10,26,19191
A,Other Sports,2015,10,303,19191
P,Other Sports,2015,10,405,19191
P,Other Sports,2018,11,934,19111
B,Horse Racing,2016,8,48,19102
A,Horse Racing,2016,8,2797,19102
P,Horse Racing,2016,8,5383,19102
P,Horse Racing,2016,9,5870,19084
A,Other Sports,2018,11,514,19081
A,Horse Racing,2016,9,2984,19065
B,Horse Racing,2016,9,49,19046
P,Horse Racing,2018,9,7292,19014
B,Other Sports,2018,11,77,18998
B,Greyhound Racing,2017,3,28,18938
A,Greyhound Racing,2017,3,981,18938
P,Greyhound Racing,2017,3,2064,18938
B,Other Sports,2017,2,24,18930
A,Other Sports,2017,2,270,18930
P,Other Sports,2017,2,356,18930
P,Greyhound Racing,2017,5,2096,18845
A,Greyhound Racing,2017,5,973,18829
P,Horse Racing,2018,11,7450,18819
B,Greyhound Racing,2017,5,28,18817
P,Greyhound Racing,2018,11,1980,18804
A,Horse Racing,2018,9,3270,18663
B,Greyhound Racing,2018,5,28,18527
A,Greyhound Racing,2018,5,914,18527
P,Greyhound Racing,2018,5,2160,18527
P,Greyhound Racing,2018,9,2039,18484
A,Greyhound Racing,2018,11,753,18480
A,Horse Racing,2018,11,3289,18470
B,Horse Racing,2018,9,51,18468
B,Greyhound Racing,2016,10,28,18424
A,Greyhound Racing,2016,10,871,18424
P,Greyhound Racing,2016,10,1732,18424
P,Horse Racing,2016,6,5315,18347
B,Horse Racing,2016,6,50,18344
A,Horse Racing,2016,6,2810,18344
A,Greyhound Racing,2018,9,837,18296
P,Horse Racing,2018,4,6032,18260
B,Greyhound Racing,2016,11,27,18244
A,Greyhound Racing,2016,11,877,18244
P,Greyhound Racing,2016,11,1760,18244
B,Horse Racing,2018,4,47,18222
A,Horse Racing,2018,4,2936,18222
B,Greyhound Racing,2018,11,27,18219
B,Greyhound Racing,2018,9,27,18206
B,Horse Racing,2018,11,50,18180
B,Greyhound Racing,2017,1,27,18145
A,Greyhound Racing,2017,1,904,18145
P,Greyhound Racing,2017,1,1816,18145
B,Horse Racing,2018,7,46,17993
A,Horse Racing,2018,7,2664,17993
P,Horse Racing,2018,7,5996,17993
A,Other Sports,2016,4,234,17723
P,Other Sports,2016,4,319,17723
B,Other Sports,2016,4,22,17722
B,Tennis,2018,1,32,17525
A,Tennis,2018,1,611,17525
P,Tennis,2018,1,837,17525
B,Greyhound Racing,2016,12,26,17370
A,Greyhound Racing,2016,12,851,17370
P,Greyhound Racing,2016,12,1725,17370
B,Horse Racing,2016,5,48,17309
A,Horse Racing,2016,5,2901,17309
P,Horse Racing,2016,5,5528,17309
P,Tennis,2018,10,1211,17193
A,Tennis,2018,10,807,17179
B,Tennis,2018,10,37,17154
B,Other Sports,2017,12,46,17109
A,Other Sports,2017,12,379,17109
P,Other Sports,2017,12,541,17109
B,Greyhound Racing,2017,4,26,17066
A,Greyhound Racing,2017,4,923,17066
P,Greyhound Racing,2017,4,1972,17066
A,Greyhound Racing,2017,6,811,16690
B,Greyhound Racing,2017,6,25,16688
P,Greyhound Racing,2017,6,1816,16685
B,Horse Racing,2017,12,40,16595
A,Horse Racing,2017,12,2310,16595
P,Horse Racing,2017,12,4648,16595
B,Tennis,2017,1,26,16513
A,Tennis,2017,1,470,16513
P,Tennis,2017,1,622,16513
B,Greyhound Racing,2018,7,24,16384
A,Greyhound Racing,2018,7,683,16384
P,Greyhound Racing,2018,7,1690,16384
B,Greyhound Racing,2017,2,25,16379
A,Greyhound Racing,2017,2,827,16379
P,Greyhound Racing,2017,2,1701,16379
P,Horse Racing,2016,4,5007,16362
B,Horse Racing,2016,4,45,16359
A,Horse Racing,2016,4,2624,16359
P,Tennis,2018,8,1112,16305
A,Tennis,2018,8,762,16299
B,Tennis,2018,8,37,16283
B,Tennis,2018,5,31,15965
A,Tennis,2018,5,652,15965
P,Tennis,2018,5,906,15965
P,Tennis,2018,6,994,15859
A,Tennis,2018,6,677,15842
B,Tennis,2018,6,32,15815
B,Tennis,2018,2,28,15813
A,Tennis,2018,2,588,15813
P,Tennis,2018,2,824,15813
B,Greyhound Racing,2018,4,23,15776
A,Greyhound Racing,2018,4,768,15776
P,Greyhound Racing,2018,4,1800,15776
B,Tennis,2018,7,32,15532
A,Tennis,2018,7,634,15532
P,Tennis,2018,7,928,15532
B,Tennis,2017,2,24,15390
A,Tennis,2017,2,503,15390
P,Tennis,2017,2,678,15390
A,Tennis,2017,6,523,15335
B,Tennis,2017,6,26,15331
P,Tennis,2017,6,717,15329
B,Tennis,2015,6,26,15087
A,Tennis,2015,6,449,15087
P,Tennis,2015,6,601,15087
B,Tennis,2015,5,23,15075
A,Tennis,2015,5,417,15075
P,Tennis,2015,5,541,15075
B,Tennis,2017,4,24,15032
A,Tennis,2017,4,480,15032
P,Tennis,2017,4,632,15032
B,Tennis,2015,7,26,15003
A,Tennis,2015,7,430,15003
P,Tennis,2015,7,570,15003
B,Tennis,2017,11,24,14906
A,Tennis,2017,11,492,14906
P,Tennis,2017,11,662,14906
P,Horse Racing,2015,8,4324,14719
B,Horse Racing,2015,8,42,14718
A,Horse Racing,2015,8,2334,14718
B,Horse Racing,2015,5,44,14660
A,Horse Racing,2015,5,2580,14660
P,Horse Racing,2015,5,4527,14660
B,Horse Racing,2015,7,43,14657
A,Horse Racing,2015,7,2388,14657
P,Horse Racing,2015,7,4281,14657
B,Other Sports,2015,9,20,14468
A,Other Sports,2015,9,200,14468
P,Other Sports,2015,9,249,14468
B,Other Sports,2016,9,17,14414
A,Other Sports,2016,9,146,14414
P,Other Sports,2016,9,194,14414
B,Tennis,2015,8,23,14322
A,Tennis,2015,8,384,14322
P,Tennis,2015,8,504,14322
B,Other Sports,2017,5,20,14279
A,Other Sports,2017,5,217,14279
P,Other Sports,2017,5,307,14279
B,Tennis,2017,3,24,14273
A,Tennis,2017,3,527,14273
P,Tennis,2017,3,711,14273
A,Tennis,2018,9,700,14001
P,Tennis,2018,9,1055,14001
B,Tennis,2018,9,32,13977
B,Horse Racing,2015,6,43,13922
A,Horse Racing,2015,6,2403,13922
P,Horse Racing,2015,6,4298,13922
P,Horse Racing,2015,10,4311,13662
B,Horse Racing,2015,10,41,13661
A,Horse Racing,2015,10,2248,13661
B,Other Sports,2018,4,35,13654
A,Other Sports,2018,4,257,13654
P,Other Sports,2018,4,377,13654
B,Greyhound Racing,2016,9,20,13555
A,Greyhound Racing,2016,9,665,13555
P,Greyhound Racing,2016,9,1302,13555
B,Other Sports,2016,3,17,13406
A,Other Sports,2016,3,183,13406
P,Other Sports,2016,3,274,13406
A,Other Sports,2017,7,178,13352
B,Other Sports,2017,7,18,13350
P,Other Sports,2017,7,252,13348
B,Greyhound Racing,2017,12,19,12815
A,Greyhound Racing,2017,12,691,12815
P,Greyhound Racing,2017,12,1550,12815
B,Other Sports,2016,2,17,12758
A,Other Sports,2016,2,174,12758
P,Other Sports,2016,2,245,12758
B,Horse Racing,2015,9,37,12515
A,Horse Racing,2015,9,2020,12515
P,Horse Racing,2015,9,3871,12515
B,Tennis,2016,11,18,12237
A,Tennis,2016,11,320,12237
P,Tennis,2016,11,419,12237
P,Horse Racing,2015,12,3385,12191
B,Horse Racing,2015,12,33,12186
A,Horse Racing,2015,12,1882,12186
B,Tennis,2016,3,18,12054
A,Tennis,2016,3,362,12054
P,Tennis,2016,3,574,12054
P,Other Sports,2018,9,468,11935
A,Other Sports,2018,9,286,11930
B,Other Sports,2018,9,55,11918
A,Other Sports,2017,6,154,11651
B,Other Sports,2017,6,16,11649
P,Other Sports,2017,6,213,11646
B,Tennis,2018,4,22,11530
A,Tennis,2018,4,452,11530
P,Tennis,2018,4,620,11530
B,Tennis,2018,3,23,11500
A,Tennis,2018,3,498,11500
P,Tennis,2018,3,690,11500
P,Horse Racing,2016,1,3215,11436
B,Horse Racing,2015,11,33,11432
A,Horse Racing,2015,11,1951,11432
P,Horse Racing,2015,11,3567,11432
B,Horse Racing,2016,1,31,11416
A,Horse Racing,2016,1,1786,11416
B,Tennis,2016,2,16,11393
A,Tennis,2016,2,344,11393
P,Tennis,2016,2,600,11393
B,Other Sports,2018,5,30,11366
A,Other Sports,2018,5,237,11366
P,Other Sports,2018,5,337,11365
B,Greyhound Racing,2016,4,17,11034
A,Greyhound Racing,2016,4,576,11034
P,Greyhound Racing,2016,4,1055,11034
B,Greyhound Racing,2016,7,17,10955
A,Greyhound Racing,2016,7,594,10955
P,Greyhound Racing,2016,7,1125,10955
B,Greyhound Racing,2016,5,16,10863
A,Greyhound Racing,2016,5,583,10863
P,Greyhound Racing,2016,5,1067,10863
B,Greyhound Racing,2016,1,17,10844
A,Greyhound Racing,2016,1,597,10844
P,Greyhound Racing,2016,1,1099,10844
B,Tennis,2015,11,17,10764
A,Tennis,2015,11,330,10764
P,Tennis,2015,11,476,10764
B,Greyhound Racing,2016,8,16,10755
A,Greyhound Racing,2016,8,550,10755
P,Greyhound Racing,2016,8,1046,10755
B,Other Sports,2016,5,15,10638
A,Other Sports,2016,5,161,10638
P,Other Sports,2016,5,216,10638
A,Other Sports,2018,6,196,10590
P,Other Sports,2018,6,270,10590
B,Other Sports,2018,6,32,10571
B,Greyhound Racing,2016,6,16,10419
A,Greyhound Racing,2016,6,557,10419
P,Greyhound Racing,2016,6,1049,10419
B,Greyhound Racing,2015,10,16,10323
A,Greyhound Racing,2015,10,471,10323
P,Greyhound Racing,2015,10,836,10323
B,Greyhound Racing,2015,9,15,10119
A,Greyhound Racing,2015,9,423,10119
P,Greyhound Racing,2015,9,752,10119
B,Other Sports,2016,8,14,10018
A,Other Sports,2016,8,151,10018
P,Other Sports,2016,8,196,10018
B,Greyhound Racing,2015,7,15,9971
A,Greyhound Racing,2015,7,427,9971
P,Greyhound Racing,2015,7,781,9971
B,Greyhound Racing,2015,5,15,9969
A,Greyhound Racing,2015,5,431,9969
P,Greyhound Racing,2015,5,771,9969
B,Greyhound Racing,2015,11,15,9950
A,Greyhound Racing,2015,11,470,9950
P,Greyhound Racing,2015,11,853,9950
B,Greyhound Racing,2015,8,15,9917
A,Greyhound Racing,2015,8,409,9917
P,Greyhound Racing,2015,8,731,9917
B,Other Sports,2015,5,15,9643
A,Other Sports,2015,5,195,9643
P,Other Sports,2015,5,244,9643
B,Greyhound Racing,2015,12,15,9578
A,Greyhound Racing,2015,12,491,9578
P,Greyhound Racing,2015,12,891,9578
B,Greyhound Racing,2015,6,14,9361
A,Greyhound Racing,2015,6,410,9361
P,Greyhound Racing,2015,6,754,9361
B,Horse Racing,2016,3,26,9300
A,Horse Racing,2016,3,1572,9300
P,Horse Racing,2016,3,2841,9300
B,Other Sports,2016,7,12,8774
A,Other Sports,2016,7,134,8774
P,Other Sports,2016,7,170,8774
P,Other Sports,2018,8,217,8736
A,Other Sports,2018,8,160,8723
B,Other Sports,2018,8,29,8692
B,Tennis,2016,1,12,8554
A,Tennis,2016,1,182,8554
P,Tennis,2016,1,282,8554
B,Other Sports,2015,8,11,8303
A,Other Sports,2015,8,88,8303
P,Other Sports,2015,8,105,8303
B,Greyhound Racing,2016,3,12,8258
A,Greyhound Racing,2016,3,447,8258
P,Greyhound Racing,2016,3,827,8258
B,Other Sports,2018,7,33,7697
A,Other Sports,2018,7,177,7697
P,Other Sports,2018,7,254,7697
B,Other Sports,2016,6,10,7636
A,Other Sports,2016,6,92,7636
P,Other Sports,2016,6,116,7636
B,Horse Racing,2016,2,20,7373
A,Horse Racing,2016,2,1194,7373
P,Horse Racing,2016,2,2194,7373
B,Other Sports,2015,7,11,7289
A,Other Sports,2015,7,99,7289
P,Other Sports,2015,7,116,7289
B,Other Sports,2015,6,10,7045
A,Other Sports,2015,6,112,7045
P,Other Sports,2015,6,134,7045
P,Tennis,2018,11,449,6964
A,Tennis,2018,11,307,6947
B,Tennis,2018,11,13,6878
B,Greyhound Racing,2016,2,10,6731
A,Greyhound Racing,2016,2,369,6731
P,Greyhound Racing,2016,2,693,6731
B,Cricket,2017,8,9,4586
A,Cricket,2017,8,245,4586
P,Cricket,2017,8,434,4586
A,Cricket,2018,8,231,4281
P,Cricket,2018,8,467,4281
B,Cricket,2018,8,8,4266
B,Cricket,2018,1,8,4035
A,Cricket,2018,1,217,4035
P,Cricket,2018,1,374,4035
B,Cricket,2018,10,7,3949
A,Cricket,2018,10,197,3949
P,Cricket,2018,10,409,3949
P,Cricket,2018,11,324,3504
A,Cricket,2018,11,168,3423
B,Cricket,2018,11,6,3393
P,Cricket,2017,9,358,3051
A,Cricket,2017,9,188,3050
B,Cricket,2017,9,6,3049
B,Cricket,2018,9,5,2739
A,Cricket,2018,9,143,2739
P,Cricket,2018,9,295,2739
B,Tennis,2016,12,4,2705
A,Tennis,2016,12,58,2705
P,Tennis,2016,12,69,2705
B,Cricket,2017,11,5,2493
A,Cricket,2017,11,127,2493
P,Cricket,2017,11,230,2493
B,Tennis,2017,12,4,2462
A,Tennis,2017,12,69,2462
P,Tennis,2017,12,85,2462
B,Cricket,2017,10,5,2418
A,Cricket,2017,10,144,2418
P,Cricket,2017,10,223,2418
B,Cricket,2018,2,5,2332
A,Cricket,2018,2,146,2332
P,Cricket,2018,2,264,2332
P,Cricket,2018,3,293,2253
B,Cricket,2018,7,4,2242
A,Cricket,2018,7,135,2242
P,Cricket,2018,7,294,2242
B,Cricket,2018,3,5,2238
A,Cricket,2018,3,158,2238
B,Cricket,2017,5,4,2218
A,Cricket,2017,5,94,2218
P,Cricket,2017,5,169,2218
B,Cricket,2015,7,4,2192
A,Cricket,2015,7,75,2192
P,Cricket,2015,7,91,2192
B,Cricket,2017,7,5,2175
A,Cricket,2017,7,143,2175
P,Cricket,2017,7,239,2175
B,Cricket,2017,12,4,1997
A,Cricket,2017,12,109,1997
P,Cricket,2017,12,199,1997
B,Cricket,2017,4,3,1957
A,Cricket,2017,4,74,1957
P,Cricket,2017,4,149,1957
B,Cricket,2017,2,3,1859
A,Cricket,2017,2,70,1859
P,Cricket,2017,2,115,1859
B,Cricket,2017,1,4,1854
A,Cricket,2017,1,80,1854
P,Cricket,2017,1,128,1854
B,Cricket,2018,6,4,1790
A,Cricket,2018,6,145,1790
P,Cricket,2018,6,261,1790
B,Cricket,2015,5,4,1726
A,Cricket,2015,5,83,1726
P,Cricket,2015,5,128,1726
B,Cricket,2016,12,3,1679
A,Cricket,2016,12,63,1679
P,Cricket,2016,12,97,1679
B,Cricket,2016,7,3,1592
A,Cricket,2016,7,92,1592
P,Cricket,2016,7,131,1592
B,Tennis,2015,12,2,1573
A,Tennis,2015,12,45,1573
P,Tennis,2015,12,60,1573
B,Golf,2017,8,6,1568
A,Golf,2017,8,103,1568
P,Golf,2017,8,132,1568
B,Cricket,2016,5,3,1566
A,Cricket,2016,5,73,1566
P,Cricket,2016,5,121,1566
B,Cricket,2016,6,3,1519
A,Cricket,2016,6,76,1519
P,Cricket,2016,6,110,1519
B,Cricket,2015,11,3,1426
A,Cricket,2015,11,66,1426
P,Cricket,2015,11,97,1426
B,Cricket,2017,6,3,1414
A,Cricket,2017,6,98,1414
P,Cricket,2017,6,161,1413
B,Cricket,2016,9,3,1387
A,Cricket,2016,9,66,1387
P,Cricket,2016,9,101,1387
B,Cricket,2018,5,4,1380
A,Cricket,2018,5,129,1380
P,Cricket,2018,5,286,1380
B,Cricket,2016,8,3,1355
A,Cricket,2016,8,90,1355
P,Cricket,2016,8,122,1355
B,Cricket,2016,11,3,1281
A,Cricket,2016,11,69,1281
P,Cricket,2016,11,100,1281
B,Golf,2017,10,7,1244
A,Golf,2017,10,145,1244
P,Golf,2017,10,179,1244
B,Cricket,2015,8,3,1227
A,Cricket,2015,8,51,1227
P,Cricket,2015,8,65,1227
B,Cricket,2015,6,3,1203
A,Cricket,2015,6,51,1203
P,Cricket,2015,6,66,1203
B,Golf,2017,5,5,1098
A,Golf,2017,5,98,1098
P,Golf,2017,5,122,1098
B,Golf,2015,5,4,1089
A,Golf,2015,5,96,1089
P,Golf,2015,5,111,1089
B,Cricket,2016,3,2,1087
A,Cricket,2016,3,51,1087
P,Cricket,2016,3,89,1087
B,Cricket,2017,3,2,1081
A,Cricket,2017,3,76,1081
P,Cricket,2017,3,119,1081
B,Golf,2017,9,5,1074
A,Golf,2017,9,113,1074
P,Golf,2017,9,139,1074
B,Golf,2015,7,3,1044
A,Golf,2015,7,68,1044
P,Golf,2015,7,74,1044
B,Cricket,2016,4,2,1039
A,Cricket,2016,4,45,1039
P,Cricket,2016,4,77,1039
B,Cricket,2016,2,2,1036
A,Cricket,2016,2,37,1036
P,Cricket,2016,2,53,1036
B,Golf,2016,7,4,1023
A,Golf,2016,7,79,1023
P,Golf,2016,7,98,1023
B,Golf,2015,8,3,974
A,Golf,2015,8,72,974
P,Golf,2015,8,83,974
B,Golf,2016,5,4,895
A,Golf,2016,5,92,895
P,Golf,2016,5,105,895
B,Golf,2015,6,3,873
A,Golf,2015,6,64,873
P,Golf,2015,6,72,873
B,Cricket,2018,4,2,840
A,Cricket,2018,4,96,840
P,Cricket,2018,4,219,840
B,Golf,2016,6,3,814
A,Golf,2016,6,70,814
P,Golf,2016,6,81,814
B,Golf,2016,8,3,808
A,Golf,2016,8,59,808
P,Golf,2016,8,70,808
B,Cricket,2015,9,2,808
A,Cricket,2015,9,37,808
P,Cricket,2015,9,48,808
B,Golf,2015,9,3,803
A,Golf,2015,9,59,803
P,Golf,2015,9,70,803
P,Golf,2017,6,89,774
B,Golf,2017,6,3,773
A,Golf,2017,6,69,773
B,Golf,2017,11,4,764
A,Golf,2017,11,75,764
P,Golf,2017,11,91,764
B,Golf,2016,11,2,759
A,Golf,2016,11,50,759
P,Golf,2016,11,57,759
B,Cricket,2015,10,2,755
A,Cricket,2015,10,33,755
P,Cricket,2015,10,43,755
P,Golf,2018,8,66,749
B,Golf,2015,10,2,746
A,Golf,2015,10,56,746
P,Golf,2015,10,64,746
B,Golf,2018,8,3,743
A,Golf,2018,8,47,743
B,Golf,2017,7,4,734
A,Golf,2017,7,85,734
P,Golf,2017,7,99,734
B,Cricket,2016,1,1,729
A,Cricket,2016,1,27,729
P,Cricket,2016,1,33,729
B,Golf,2016,10,3,719
A,Golf,2016,10,51,719
P,Golf,2016,10,61,719
B,Golf,2016,9,3,716
A,Golf,2016,9,73,716
P,Golf,2016,9,90,716
B,Golf,2017,3,3,713
A,Golf,2017,3,61,713
P,Golf,2017,3,74,713
B,Golf,2015,11,2,673
A,Golf,2015,11,56,673
P,Golf,2015,11,66,673
B,Cricket,2016,10,2,670
A,Cricket,2016,10,43,670
P,Cricket,2016,10,60,670
B,Cricket,2015,12,1,657
A,Cricket,2015,12,37,657
P,Cricket,2015,12,54,657
B,Golf,2016,4,2,649
A,Golf,2016,4,48,649
P,Golf,2016,4,60,649
A,Golf,2018,11,49,648
P,Golf,2018,11,73,648
B,Golf,2018,11,3,647
B,Golf,2016,1,2,623
A,Golf,2016,1,45,623
P,Golf,2016,1,52,623
B,Golf,2017,1,2,616
A,Golf,2017,1,46,616
P,Golf,2017,1,55,616
P,Golf,2018,6,68,605
B,Golf,2018,6,3,604
A,Golf,2018,6,47,604
B,Golf,2017,4,2,568
A,Golf,2017,4,47,568
P,Golf,2017,4,53,568
B,Golf,2018,9,4,566
A,Golf,2018,9,82,566
P,Golf,2018,9,123,566
B,Golf,2018,1,3,565
A,Golf,2018,1,53,565
P,Golf,2018,1,66,565
B,Soccer,2015,4,1,564
A,Soccer,2015,4,31,564
P,Soccer,2015,4,47,564
B,Golf,2017,2,2,561
A,Golf,2017,2,50,561
P,Golf,2017,2,66,561
B,Golf,2018,3,3,534
A,Golf,2018,3,60,534
P,Golf,2018,3,74,534
B,Golf,2018,10,4,502
A,Golf,2018,10,71,502
P,Golf,2018,10,107,502
B,Golf,2018,5,3,500
A,Golf,2018,5,60,500
P,Golf,2018,5,79,500
B,Golf,2018,2,4,497
A,Golf,2018,2,68,497
P,Golf,2018,2,87,497
B,Golf,2016,3,1,496
A,Golf,2016,3,24,496
P,Golf,2016,3,28,496
B,Golf,2016,2,2,388
A,Golf,2016,2,49,388
P,Golf,2016,2,56,388
B,Golf,2018,4,2,364
A,Golf,2018,4,27,364
P,Golf,2018,4,36,364
B,Golf,2018,7,2,340
A,Golf,2018,7,36,340
P,Golf,2018,7,50,340
B,Golf,2016,12,1,300
A,Golf,2016,12,17,300
P,Golf,2016,12,20,300
B,Golf,2017,12,1,207
A,Golf,2017,12,18,207
P,Golf,2017,12,22,207
B,Golf,2015,12,1,194
A,Golf,2015,12,13,194
P,Golf,2015,12,15,194
B,Other Sports,2015,4,0,30
A,Other Sports,2015,4,0,30
P,Other Sports,2015,4,0,30
B,Tennis,2015,4,0,28
A,Tennis,2015,4,1,28
P,Tennis,2015,4,1,28
B,Horse Racing,2015,4,0,19
A,Horse Racing,2015,4,1,19
P,Horse Racing,2015,4,2,19
B,Greyhound Racing,2015,4,0,13
A,Greyhound Racing,2015,4,0,13
P,Greyhound Racing,2015,4,0,13
B,Golf,2015,4,0,10
A,Golf,2015,4,0,10
P,Golf,2015,4,0,10
B,Soccer,2018,12,0,4
A,Soccer,2018,12,0,4
P,Soccer,2018,12,0,2
B,Greyhound Racing,2018,12,0,2
A,Greyhound Racing,2018,12,0,2
P,Horse Racing,2018,12,3,2
